{"cameraMode":{"drawMode":0,"name":"Shaded","section":"Shading Mode"},"sceneLighting":true,"audioPlay":false,"sceneViewState":{"showFog":true,"showMaterialUpdate":false,"showSkybox":true,"showFlares":true,"showImageEffects":true,"showParticleSystems":true},"in2DMode":false,"pivot":{"x":30.091970443725587,"y":-19.921825408935548,"z":61.090431213378909},"rotation":{"x":-0.2155453860759735,"y":-0.2377820760011673,"z":0.0542125478386879,"w":-0.9456366896629334},"size":90.61449432373047,"orthographic":false}